<?xml version="1.0" encoding="utf-8"?><pluginstrument><aircraft>pc12 SWS</aircraft><type>Master_Warning_Caution_lights</type><uuid>d1f3edd3-d4aa-455c-b279-09fee59ee519</uuid><author>Norm</author><description>Master Warning and Caution lights/buttons for PC12 by SWS</description><compatibleFSX>false</compatibleFSX><compatibleP3D>false</compatibleP3D><compatibleXPL>false</compatibleXPL><compatibleFS2>false</compatibleFS2><compatibleFS2020>true</compatibleFS2020><version>120</version><configVersion>0</configVersion><pluginInterfaceVersion>100</pluginInterfaceVersion><prefWidth>200</prefWidth><prefHeight>50</prefHeight><source>UNKNOWN</source><platforms><platform>WINDOWS</platform><platform>MAC</platform><platform>LINUX</platform><platform>RASPBERRY_PI</platform><platform>ANDROID</platform><platform>IPAD</platform><platform>ESP32</platform><platform>ARDUINO</platform></platforms><tiers><tier>HOME_USE_STANDARD</tier></tiers></pluginstrument>