<?xml version="1.0" encoding="utf-8"?><pluginstrument><aircraft>pc12 SWS</aircraft><type>Landing gear handle (with arduino hardware support)</type><uuid>180e716b-7e59-441f-8e64-c961dfbd33e7</uuid><author>Norm</author><description>Landing gear handle with arduino hardware support for pc12 by SWS</description><compatibleFSX>false</compatibleFSX><compatibleP3D>false</compatibleP3D><compatibleXPL>true</compatibleXPL><compatibleFS2>false</compatibleFS2><compatibleFS2020>true</compatibleFS2020><version>111</version><configVersion>1</configVersion><pluginInterfaceVersion>100</pluginInterfaceVersion><prefWidth>136</prefWidth><prefHeight>284</prefHeight><source>PERSONAL</source><platforms><platform>WINDOWS</platform><platform>MAC</platform><platform>LINUX</platform><platform>RASPBERRY_PI</platform><platform>ANDROID</platform><platform>IPAD</platform><platform>ESP32</platform></platforms><tiers><tier>HOME_USE_STANDARD</tier><tier>PROFESSIONAL_STANDARD</tier></tiers></pluginstrument>