<?xml version="1.0" encoding="utf-8"?><pluginstrument><aircraft>pc12 SWS</aircraft><type>Airspeed</type><uuid>112d79e1-6794-4db1-9cd0-a092d9d3f4ce</uuid><author>Norm</author><description>Airspeed gauge inspired from pc12 of SWS</description><compatibleFSX>true</compatibleFSX><compatibleP3D>true</compatibleP3D><compatibleXPL>true</compatibleXPL><compatibleFS2>false</compatibleFS2><compatibleFS2020>true</compatibleFS2020><version>120</version><configVersion>1</configVersion><pluginInterfaceVersion>100</pluginInterfaceVersion><prefWidth>400</prefWidth><prefHeight>400</prefHeight><source>PERSONAL</source><platforms><platform>WINDOWS</platform><platform>MAC</platform><platform>LINUX</platform><platform>RASPBERRY_PI</platform><platform>ANDROID</platform><platform>IPAD</platform><platform>ESP32</platform></platforms><tiers><tier>HOME_USE_STANDARD</tier></tiers></pluginstrument>