<?xml version="1.0" encoding="utf-8"?><panel><uuid>f47a0feb-aa0b-4e40-1cbb-3f255cfc72aa</uuid><name>pc12 by SWS</name><author>Norm Hortman</author><position>UNKNOWN</position><aircraftType>TURBOPROP</aircraftType><cockpitType>STEAM</cockpitType><engineCount>1</engineCount><description>pc12 by SWS panels for 2 touchscreens GTN 650/750 and GNS 430/530 v1.91</description><version>191</version><source>UNKNOWN</source><tiers><tier>HOME_USE_STANDARD</tier></tiers><aircraftModels><aircraftModel isGeneric="false"><make>Pilatus</make><model>pc12 by SWS</model><flightSimulator>FS2020</flightSimulator><flightSimulatorName></flightSimulatorName><developer>Norm Hortman</developer><version></version><layouts><layout><uuid>c3bb28b2-cc2f-4533-bd10-ec1490821f34</uuid><name>PC12 PFD (MSFS2020)</name><position>UNKNOWN</position><description></description><backgroundMode>TRANSPARENT</backgroundMode><backgroundColor>#000000FF</backgroundColor><width>1920</width><height>1080</height><clickThru>true</clickThru><editable>true</editable><platforms><platform>WINDOWS</platform><platform>MAC</platform><platform>LINUX</platform><platform>RASPBERRY_PI</platform><platform>ANDROID</platform><platform>IPAD</platform><platform>ESP32</platform><platform>ARDUINO</platform></platforms><properties /><instruments><instrument><uuid>0821c13c-f8ea-4e94-3455-166fd520b6d4</uuid><x>0</x><y>0</y><width>370</width><height>1080</height><properties /></instrument><instrument><uuid>83e8c72b-d2ba-4167-b27a-fa8f55b5801e</uuid><x>0</x><y>0</y><width>1920</width><height>208</height><properties /></instrument><instrument><uuid>bf98dc68-9b51-4a26-9989-56c626a457ce</uuid><x>0</x><y>711</y><width>370</width><height>370</height><properties /></instrument><instrument><uuid>9b3452da-3870-4851-3516-9af9d5147711</uuid><x>0</x><y>6</y><width>185</width><height>194</height><properties /></instrument><instrument><uuid>d1f3edd3-d4aa-455c-b279-09fee59ee519</uuid><x>410</x><y>2</y><width>312</width><height>78</height><properties /></instrument><instrument><uuid>5aff46f6-0e42-4cbb-10b9-8b76345152ee</uuid><x>853</x><y>0</y><width>256</width><height>200</height><properties /></instrument><instrument><uuid>38f9e69d-21ee-4d82-80b4-771f4ceae70a</uuid><x>1147</x><y>0</y><width>773</width><height>280</height><properties /></instrument><instrument><uuid>776da672-019a-4bc0-a7a4-fb849af546aa</uuid><x>780</x><y>280</y><width>370</width><height>370</height><properties /></instrument><instrument><uuid>de2a9e18-d667-49b5-83f1-98eba316b3f2</uuid><x>780</x><y>720</y><width>370</width><height>370</height><properties /></instrument><instrument><uuid>112d79e1-6794-4db1-9cd0-a092d9d3f4ce</uuid><x>0</x><y>280</y><width>369</width><height>369</height><properties /></instrument><instrument><uuid>58818dd1-5ebc-4f5f-3daa-4bf6a6cc20ac</uuid><x>102</x><y>647</y><width>163</width><height>64</height><properties /></instrument><instrument><uuid>7a96f48d-e464-407b-0c15-654fa7433720</uuid><x>370</x><y>599</y><width>411</width><height>71</height><properties /></instrument><instrument><uuid>929a9b91-1c70-4ff5-91bd-171e59291510</uuid><x>780</x><y>647</y><width>370</width><height>74</height><properties /></instrument><instrument><uuid>2569baee-a0cb-42d1-8771-ff1a38bd3dc5</uuid><x>780</x><y>208</y><width>370</width><height>74</height><properties /></instrument></instruments></layout><layout><uuid>ba5b49b4-4d6d-42b2-0daa-60f1ac12ed77</uuid><name>PC12 MFD (MSFS2020)</name><position>UNKNOWN</position><description></description><backgroundMode>TRANSPARENT</backgroundMode><backgroundColor>#000000FF</backgroundColor><width>1920</width><height>1080</height><clickThru>false</clickThru><editable>true</editable><platforms><platform>WINDOWS</platform><platform>MAC</platform><platform>LINUX</platform><platform>RASPBERRY_PI</platform><platform>ANDROID</platform><platform>IPAD</platform><platform>ESP32</platform><platform>ARDUINO</platform></platforms><properties /><instruments><instrument><uuid>83e8c72b-d2ba-4167-b27a-fa8f55b5801e</uuid><x>0</x><y>900</y><width>1920</width><height>200</height><properties /></instrument><instrument><uuid>0821c13c-f8ea-4e94-3455-166fd520b6d4</uuid><x>782</x><y>0</y><width>1500</width><height>1080</height><properties /></instrument><instrument><uuid>14fca396-57c8-4273-b1d0-fd98ab4634b8</uuid><x>782</x><y>577</y><width>807</width><height>207</height><properties><property><name>VFR code</name><value>1200</value></property></properties></instrument><instrument><uuid>72b0d55c-e681-4373-91c2-dec09e6a8009</uuid><x>0</x><y>0</y><width>782</width><height>577</height><properties><property><name>Streaming</name><value>true</value></property><property><name>Unit</name><value>1</value></property></properties></instrument><instrument><uuid>42aa143d-fc63-4bb5-a3c6-1c3366d3f283</uuid><x>918</x><y>793</y><width>673</width><height>287</height><properties><property><name>FS2020</name><value>false</value></property></properties></instrument><instrument><uuid>24038c68-bedc-45c1-09aa-3992821188a1</uuid><x>0</x><y>577</y><width>784</width><height>328</height><properties><property><name>Streaming</name><value>true</value></property><property><name>Unit</name><value>2</value></property></properties></instrument><instrument><uuid>76575b86-516b-421a-202c-4285dd7bcce4</uuid><x>596</x><y>962</y><width>150</width><height>50</height><properties /></instrument><instrument><uuid>69d9b1a0-6bd1-4eb9-98e7-e6224b11764a</uuid><x>782</x><y>0</y><width>790</width><height>337</height><properties /></instrument><instrument><uuid>180e716b-7e59-441f-8e64-c961dfbd33e7</uuid><x>782</x><y>784</y><width>141</width><height>295</height><properties><property><name>Arduino Pin UP</name><value>D2</value></property><property><name>Arduino Pin Down</name><value>D3</value></property></properties></instrument><instrument><uuid>1785c179-fc86-46b0-344b-683f8569aa44</uuid><x>0</x><y>908</y><width>442</width><height>172</height><properties /></instrument></instruments></layout><layout><uuid>d0592852-058b-45b3-3458-bf6e07b4b1d2</uuid><name>PC12 MFD (MSFS2020 GTN)</name><position>UNKNOWN</position><description></description><backgroundMode>TRANSPARENT</backgroundMode><backgroundColor>#000000FF</backgroundColor><width>1920</width><height>1080</height><clickThru>true</clickThru><editable>true</editable><platforms><platform>WINDOWS</platform><platform>MAC</platform><platform>LINUX</platform><platform>RASPBERRY_PI</platform><platform>ANDROID</platform><platform>IPAD</platform><platform>ESP32</platform><platform>ARDUINO</platform></platforms><properties /><instruments><instrument><uuid>83e8c72b-d2ba-4167-b27a-fa8f55b5801e</uuid><x>0</x><y>876</y><width>1920</width><height>204</height><properties /></instrument><instrument><uuid>0821c13c-f8ea-4e94-3455-166fd520b6d4</uuid><x>0</x><y>458</y><width>1013</width><height>1080</height><properties /></instrument><instrument><uuid>14fca396-57c8-4273-b1d0-fd98ab4634b8</uuid><x>1116</x><y>873</y><width>807</width><height>207</height><properties><property><name>VFR code</name><value>1200</value></property></properties></instrument><instrument><uuid>42aa143d-fc63-4bb5-a3c6-1c3366d3f283</uuid><x>5</x><y>792</y><width>673</width><height>287</height><properties><property><name>FS2020</name><value>false</value></property></properties></instrument><instrument><uuid>76575b86-516b-421a-202c-4285dd7bcce4</uuid><x>887</x><y>910</y><width>150</width><height>50</height><properties /></instrument><instrument><uuid>58ae7e69-d912-41f0-1d6b-81ead24c7151</uuid><x>1013</x><y>0</y><width>907</width><height>876</height><properties><property><name>Unit position</name><value>1</value></property><property><name>SD card</name><value>Blue</value></property><property><name>Play Sounds</name><value>true</value></property><property><name>Input method</name><value>Mouse / touch</value></property></properties></instrument><instrument><uuid>76f533bf-89cd-41f4-adf9-74cbb060061c</uuid><x>0</x><y>0</y><width>1013</width><height>464</height><properties><property><name>Unit position</name><value>2</value></property><property><name>SD card</name><value>Blue</value></property><property><name>Play Sounds</name><value>true</value></property><property><name>Input method</name><value>Mouse / touch</value></property></properties></instrument><instrument><uuid>69d9b1a0-6bd1-4eb9-98e7-e6224b11764a</uuid><x>5</x><y>467</y><width>764</width><height>325</height><properties /></instrument><instrument><uuid>180e716b-7e59-441f-8e64-c961dfbd33e7</uuid><x>678</x><y>792</y><width>140</width><height>292</height><properties><property><name>Arduino Pin UP</name><value>D2</value></property><property><name>Arduino Pin Down</name><value>D3</value></property></properties></instrument><instrument><uuid>1785c179-fc86-46b0-344b-683f8569aa44</uuid><x>818</x><y>968</y><width>297</width><height>116</height><properties /></instrument></instruments></layout></layouts></aircraftModel></aircraftModels></panel>