<?xml version="1.0" encoding="utf-8"?><pluginstrument><aircraft>pc12 SWS</aircraft><type>altitude set</type><uuid>5aff46f6-0e42-4cbb-10b9-8b76345152ee</uuid><author>Norm</author><description>Autopilot/Flight director preselect altitude panel</description><compatibleFSX>false</compatibleFSX><compatibleP3D>false</compatibleP3D><compatibleXPL>false</compatibleXPL><compatibleFS2>false</compatibleFS2><compatibleFS2020>true</compatibleFS2020><version>160</version><configVersion>0</configVersion><pluginInterfaceVersion>100</pluginInterfaceVersion><prefWidth>256</prefWidth><prefHeight>200</prefHeight><source>PERSONAL</source><platforms><platform>WINDOWS</platform><platform>MAC</platform><platform>LINUX</platform><platform>RASPBERRY_PI</platform><platform>ANDROID</platform><platform>IPAD</platform><platform>ESP32</platform><platform>ARDUINO</platform></platforms><tiers><tier>HOME_USE_STANDARD</tier></tiers></pluginstrument>