<?xml version="1.0" encoding="utf-8"?><pluginstrument><aircraft>pc12 SWS</aircraft><type>Ball</type><uuid>7a96f48d-e464-407b-0c15-654fa7433720</uuid><author>Norm</author><description></description><compatibleFSX>true</compatibleFSX><compatibleP3D>true</compatibleP3D><compatibleXPL>true</compatibleXPL><compatibleFS2>false</compatibleFS2><compatibleFS2020>true</compatibleFS2020><version>115</version><configVersion>1</configVersion><pluginInterfaceVersion>100</pluginInterfaceVersion><prefWidth>400</prefWidth><prefHeight>70</prefHeight><source>PERSONAL</source><platforms><platform>WINDOWS</platform><platform>MAC</platform><platform>LINUX</platform><platform>RASPBERRY_PI</platform><platform>ANDROID</platform><platform>IPAD</platform><platform>ESP32</platform></platforms><tiers><tier>HOME_USE_STANDARD</tier></tiers></pluginstrument>