<?xml version="1.0" encoding="utf-8"?><pluginstrument><aircraft>pc12 SWS</aircraft><type>Flap indicator</type><uuid>9b3452da-3870-4851-3516-9af9d5147711</uuid><author>Norm</author><description>Flap indicator for PC12 by SWS</description><compatibleFSX>false</compatibleFSX><compatibleP3D>false</compatibleP3D><compatibleXPL>false</compatibleXPL><compatibleFS2>false</compatibleFS2><compatibleFS2020>true</compatibleFS2020><version>1</version><configVersion>0</configVersion><pluginInterfaceVersion>100</pluginInterfaceVersion><prefWidth>110</prefWidth><prefHeight>110</prefHeight><source>UNKNOWN</source><platforms><platform>WINDOWS</platform><platform>MAC</platform><platform>LINUX</platform><platform>RASPBERRY_PI</platform><platform>ANDROID</platform><platform>IPAD</platform><platform>ESP32</platform><platform>ARDUINO</platform></platforms><tiers><tier>HOME_USE_STANDARD</tier></tiers></pluginstrument>