<?xml version="1.0" encoding="utf-8"?><pluginstrument><aircraft>pc12 SWS</aircraft><type>airspeed placard</type><uuid>58818dd1-5ebc-4f5f-3daa-4bf6a6cc20ac</uuid><author>Norm</author><description>pc12 by SWS airspeed placard</description><compatibleFSX>false</compatibleFSX><compatibleP3D>false</compatibleP3D><compatibleXPL>false</compatibleXPL><compatibleFS2>false</compatibleFS2><compatibleFS2020>true</compatibleFS2020><version>1</version><configVersion>0</configVersion><pluginInterfaceVersion>100</pluginInterfaceVersion><prefWidth>256</prefWidth><prefHeight>100</prefHeight><source>UNKNOWN</source><platforms><platform>WINDOWS</platform><platform>MAC</platform><platform>LINUX</platform><platform>RASPBERRY_PI</platform><platform>ANDROID</platform><platform>IPAD</platform><platform>ESP32</platform><platform>ARDUINO</platform></platforms><tiers><tier>HOME_USE_STANDARD</tier></tiers></pluginstrument>